-- phpMyAdmin SQL Dump
-- version 5.2.2
-- https://www.phpmyadmin.net/
--
-- Host: localhost:3306
-- Generation Time: Mar 30, 2026 at 08:37 PM
-- Server version: 11.4.9-MariaDB-ubu2404
-- PHP Version: 8.3.28

SET SQL_MODE = "NO_AUTO_VALUE_ON_ZERO";
START TRANSACTION;
SET time_zone = "+00:00";


/*!40101 SET @OLD_CHARACTER_SET_CLIENT=@@CHARACTER_SET_CLIENT */;
/*!40101 SET @OLD_CHARACTER_SET_RESULTS=@@CHARACTER_SET_RESULTS */;
/*!40101 SET @OLD_COLLATION_CONNECTION=@@COLLATION_CONNECTION */;
/*!40101 SET NAMES utf8mb4 */;

--
-- Database: `picocastillo_rzdb_412323`
--
-- CREATE DATABASE IF NOT EXISTS `picocastillo_rzdb_412323` DEFAULT CHARACTER SET utf8mb4 COLLATE utf8mb4_uca1400_ai_ci;
-- USE `picocastillo_rzdb_412323`;

-- --------------------------------------------------------

--
-- Table structure for table `bills`
--

CREATE TABLE `bills` (
  `id` int(10) UNSIGNED NOT NULL,
  `client_id` int(10) UNSIGNED NOT NULL,
  `date_from` timestamp NULL DEFAULT NULL,
  `amount` double NOT NULL,
  `created_at` timestamp NULL DEFAULT NULL,
  `updated_at` timestamp NULL DEFAULT NULL
) ENGINE=InnoDB DEFAULT CHARSET=utf8mb4 COLLATE=utf8mb4_unicode_ci;

--
-- Dumping data for table `bills`
--

INSERT INTO `bills` (`id`, `client_id`, `date_from`, `amount`, `created_at`, `updated_at`) VALUES
(1, 1, '2026-01-14 14:24:12', 1200000.0000806, '2026-01-29 14:24:12', '2026-01-29 14:24:12'),
(2, 1, '2026-01-09 14:24:12', 0, '2026-01-19 14:24:12', '2026-01-29 14:24:12');

-- --------------------------------------------------------

--
-- Table structure for table `bill_items`
--

CREATE TABLE `bill_items` (
  `id` int(10) UNSIGNED NOT NULL,
  `bill_id` int(10) UNSIGNED NOT NULL,
  `days` int(11) NOT NULL,
  `stock_movement_id` int(10) UNSIGNED NOT NULL,
  `created_at` timestamp NULL DEFAULT NULL,
  `updated_at` timestamp NULL DEFAULT NULL
) ENGINE=InnoDB DEFAULT CHARSET=utf8mb4 COLLATE=utf8mb4_unicode_ci;

--
-- Dumping data for table `bill_items`
--

INSERT INTO `bill_items` (`id`, `bill_id`, `days`, `stock_movement_id`, `created_at`, `updated_at`) VALUES
(1, 1, 10, 7, '2026-01-29 14:24:12', '2026-01-29 14:24:12');

-- --------------------------------------------------------

--
-- Table structure for table `cache`
--

CREATE TABLE `cache` (
  `key` varchar(255) NOT NULL,
  `value` mediumtext NOT NULL,
  `expiration` int(11) NOT NULL
) ENGINE=InnoDB DEFAULT CHARSET=utf8mb4 COLLATE=utf8mb4_unicode_ci;

-- --------------------------------------------------------

--
-- Table structure for table `cache_locks`
--

CREATE TABLE `cache_locks` (
  `key` varchar(255) NOT NULL,
  `owner` varchar(255) NOT NULL,
  `expiration` int(11) NOT NULL
) ENGINE=InnoDB DEFAULT CHARSET=utf8mb4 COLLATE=utf8mb4_unicode_ci;

-- --------------------------------------------------------

--
-- Table structure for table `clients`
--

CREATE TABLE `clients` (
  `id` int(10) UNSIGNED NOT NULL,
  `email` varchar(255) DEFAULT NULL,
  `name` varchar(255) NOT NULL,
  `cuil` varchar(255) DEFAULT NULL,
  `phone` varchar(255) DEFAULT NULL,
  `created_at` timestamp NULL DEFAULT NULL,
  `updated_at` timestamp NULL DEFAULT NULL
) ENGINE=InnoDB DEFAULT CHARSET=utf8mb4 COLLATE=utf8mb4_unicode_ci;

--
-- Dumping data for table `clients`
--

INSERT INTO `clients` (`id`, `email`, `name`, `cuil`, `phone`, `created_at`, `updated_at`) VALUES
(1, 'cliente@test.com', 'Cliente Test', '20-12345678-9', '+54 9 11 1234-5678', '2026-01-29 14:24:12', '2026-01-29 14:24:12'),
(2, 'asdasd@tests.com', 'pico test', '123123', '123123', '2026-02-06 13:39:50', '2026-02-06 13:39:50'),
(4, NULL, 'Winkelmann S.R.L.', '30708497335', NULL, '2026-03-25 13:52:50', '2026-03-25 13:52:50');

-- --------------------------------------------------------

--
-- Table structure for table `costs`
--

CREATE TABLE `costs` (
  `id` int(10) UNSIGNED NOT NULL,
  `product_id` int(10) UNSIGNED NOT NULL,
  `price` int(10) UNSIGNED NOT NULL,
  `created_at` timestamp NULL DEFAULT NULL,
  `updated_at` timestamp NULL DEFAULT NULL
) ENGINE=InnoDB DEFAULT CHARSET=utf8mb4 COLLATE=utf8mb4_unicode_ci;

--
-- Dumping data for table `costs`
--

INSERT INTO `costs` (`id`, `product_id`, `price`, `created_at`, `updated_at`) VALUES
(1, 1, 12000, '2026-01-29 14:24:12', '2026-01-29 14:24:12'),
(2, 2, 8500, '2026-01-29 14:24:12', '2026-01-29 14:24:12'),
(3, 3, 6000, '2026-01-29 14:24:12', '2026-01-29 14:24:12'),
(4, 4, 6500, '2026-01-29 14:24:12', '2026-01-29 14:24:12'),
(5, 5, 10000, '2026-01-29 14:24:12', '2026-01-29 14:24:12'),
(6, 1, 1955, '2026-03-30 20:25:20', '2026-03-30 20:25:20'),
(7, 1, 1955, '2026-03-30 20:25:43', '2026-03-30 20:25:43'),
(8, 1, 1955, '2026-03-30 20:25:51', '2026-03-30 20:25:51'),
(9, 4, 1955, '2026-03-30 20:26:15', '2026-03-30 20:26:15'),
(10, 1, 1499, '2026-03-30 20:26:36', '2026-03-30 20:26:36'),
(11, 6, 1499, '2026-03-30 20:26:44', '2026-03-30 20:26:44'),
(12, 3, 8069, '2026-03-30 20:27:09', '2026-03-30 20:27:09'),
(13, 2, 1680, '2026-03-30 20:27:23', '2026-03-30 20:27:23'),
(14, 5, 1499, '2026-03-30 20:27:47', '2026-03-30 20:27:47');

-- --------------------------------------------------------

--
-- Table structure for table `files`
--

CREATE TABLE `files` (
  `id` int(10) UNSIGNED NOT NULL,
  `name` varchar(255) NOT NULL,
  `is_private` tinyint(1) NOT NULL DEFAULT 0,
  `order_id` int(10) UNSIGNED NOT NULL,
  `created_at` timestamp NULL DEFAULT NULL,
  `updated_at` timestamp NULL DEFAULT NULL
) ENGINE=InnoDB DEFAULT CHARSET=utf8mb4 COLLATE=utf8mb4_unicode_ci;

-- --------------------------------------------------------

--
-- Table structure for table `item_orders`
--

CREATE TABLE `item_orders` (
  `id` int(10) UNSIGNED NOT NULL,
  `order_id` int(10) UNSIGNED NOT NULL,
  `stock_movement_id` int(10) UNSIGNED NOT NULL,
  `product_id` int(10) UNSIGNED NOT NULL,
  `qty` int(11) NOT NULL,
  `created_at` timestamp NULL DEFAULT NULL,
  `updated_at` timestamp NULL DEFAULT NULL
) ENGINE=InnoDB DEFAULT CHARSET=utf8mb4 COLLATE=utf8mb4_unicode_ci;

--
-- Dumping data for table `item_orders`
--

INSERT INTO `item_orders` (`id`, `order_id`, `stock_movement_id`, `product_id`, `qty`, `created_at`, `updated_at`) VALUES
(8, 5, 13, 2, 1, '2026-02-06 13:40:33', '2026-02-06 13:40:33'),
(9, 5, 14, 3, 2, '2026-02-06 13:40:33', '2026-02-06 13:40:33'),
(10, 6, 15, 1, 5, '2026-02-12 20:21:33', '2026-02-12 20:21:33'),
(11, 6, 16, 4, 22, '2026-02-12 20:21:40', '2026-02-12 20:21:40'),
(12, 6, 17, 3, 22, '2026-02-12 20:22:02', '2026-02-12 20:22:02'),
(13, 8, 18, 2, 1, '2026-02-19 20:27:17', '2026-02-19 20:27:17'),
(14, 10, 19, 1, 3, '2026-03-25 13:55:47', '2026-03-25 13:55:47'),
(15, 10, 20, 4, 1, '2026-03-25 13:55:47', '2026-03-25 13:55:47'),
(16, 11, 21, 1, 5, '2026-03-25 13:59:49', '2026-03-25 13:59:49'),
(17, 11, 22, 4, 1, '2026-03-25 13:59:49', '2026-03-25 13:59:49'),
(18, 12, 23, 1, 7, '2026-03-25 14:01:01', '2026-03-25 14:01:01'),
(19, 12, 24, 4, 1, '2026-03-25 14:01:01', '2026-03-25 14:01:01'),
(20, 13, 25, 1, 3, '2026-03-25 14:09:38', '2026-03-25 14:09:38'),
(21, 14, 26, 1, 3, '2026-03-25 14:10:36', '2026-03-25 14:10:36'),
(22, 15, 27, 1, 4, '2026-03-25 14:11:30', '2026-03-25 14:11:30'),
(23, 16, 28, 3, 1, '2026-03-25 14:12:18', '2026-03-25 14:12:18'),
(24, 17, 29, 3, 1, '2026-03-25 14:37:11', '2026-03-25 14:37:11'),
(25, 18, 30, 1, 4, '2026-03-25 14:37:58', '2026-03-25 14:37:58'),
(26, 18, 31, 4, 1, '2026-03-25 14:37:58', '2026-03-25 14:37:58'),
(27, 19, 32, 1, 4, '2026-03-25 14:38:48', '2026-03-25 14:38:48'),
(28, 19, 33, 4, 1, '2026-03-25 14:38:48', '2026-03-25 14:38:48'),
(29, 20, 34, 1, 4, '2026-03-25 14:39:41', '2026-03-25 14:39:41'),
(30, 20, 35, 4, 1, '2026-03-25 14:39:42', '2026-03-25 14:39:42'),
(31, 21, 36, 1, 6, '2026-03-25 14:40:39', '2026-03-25 14:40:39'),
(32, 21, 37, 4, 1, '2026-03-25 14:40:39', '2026-03-25 14:40:39'),
(33, 22, 38, 1, 4, '2026-03-25 14:41:28', '2026-03-25 14:41:28'),
(34, 22, 39, 4, 1, '2026-03-25 14:41:28', '2026-03-25 14:41:28'),
(35, 23, 40, 2, 2, '2026-03-25 14:42:38', '2026-03-25 14:42:38'),
(36, 23, 41, 1, 1, '2026-03-25 14:42:38', '2026-03-25 14:42:38'),
(37, 24, 42, 1, 4, '2026-03-25 14:43:23', '2026-03-25 14:43:23'),
(38, 24, 43, 4, 1, '2026-03-25 14:43:23', '2026-03-25 14:43:23'),
(39, 25, 44, 1, 3, '2026-03-25 14:44:52', '2026-03-25 14:44:52'),
(40, 26, 45, 1, 3, '2026-03-25 14:45:32', '2026-03-25 14:45:32'),
(41, 27, 46, 1, 4, '2026-03-25 14:46:34', '2026-03-25 14:46:34'),
(42, 27, 47, 4, 1, '2026-03-25 14:46:34', '2026-03-25 14:46:34'),
(43, 28, 48, 1, 4, '2026-03-25 14:47:21', '2026-03-25 14:47:21'),
(44, 28, 49, 4, 1, '2026-03-25 14:47:21', '2026-03-25 14:47:21'),
(45, 29, 50, 1, 4, '2026-03-25 14:48:08', '2026-03-25 14:48:08'),
(46, 29, 51, 4, 1, '2026-03-25 14:48:08', '2026-03-25 14:48:08'),
(47, 30, 52, 1, 4, '2026-03-25 14:48:54', '2026-03-25 14:48:54'),
(48, 30, 53, 4, 1, '2026-03-25 14:48:55', '2026-03-25 14:48:55'),
(49, 31, 54, 3, 1, '2026-03-25 14:49:29', '2026-03-25 14:49:29'),
(50, 32, 55, 1, 5, '2026-03-25 14:50:15', '2026-03-25 14:50:15'),
(51, 32, 56, 4, 1, '2026-03-25 14:50:15', '2026-03-25 14:50:15'),
(52, 33, 57, 1, 4, '2026-03-25 14:50:57', '2026-03-25 14:50:57'),
(53, 33, 58, 4, 1, '2026-03-25 14:50:57', '2026-03-25 14:50:57'),
(54, 34, 59, 1, 11, '2026-03-25 14:52:17', '2026-03-25 14:52:17'),
(55, 34, 60, 2, 3, '2026-03-25 14:52:17', '2026-03-25 14:52:17'),
(56, 34, 61, 4, 3, '2026-03-25 14:52:17', '2026-03-25 14:52:17'),
(57, 35, 62, 1, 4, '2026-03-25 14:53:00', '2026-03-25 14:53:00'),
(58, 35, 63, 4, 1, '2026-03-25 14:53:00', '2026-03-25 14:53:00'),
(59, 36, 64, 1, 4, '2026-03-25 14:53:38', '2026-03-25 14:53:38'),
(60, 37, 65, 4, 1, '2026-03-25 14:54:38', '2026-03-25 14:54:38'),
(61, 37, 66, 1, 4, '2026-03-25 14:54:38', '2026-03-25 14:54:38'),
(62, 37, 67, 2, 1, '2026-03-25 14:54:38', '2026-03-25 14:54:38'),
(63, 38, 68, 4, 1, '2026-03-25 14:55:16', '2026-03-25 14:55:16'),
(64, 38, 69, 1, 4, '2026-03-25 14:55:16', '2026-03-25 14:55:16'),
(65, 39, 70, 1, 3, '2026-03-25 14:56:08', '2026-03-25 14:56:08'),
(66, 40, 71, 5, 2, '2026-03-25 14:57:13', '2026-03-25 14:57:13'),
(67, 41, 76, 6, 2, '2026-03-25 14:59:33', '2026-03-25 14:59:33'),
(68, 42, 77, 1, 4, '2026-03-25 15:00:27', '2026-03-25 15:00:27'),
(69, 42, 78, 4, 1, '2026-03-25 15:00:27', '2026-03-25 15:00:27'),
(70, 43, 79, 1, 4, '2026-03-25 15:01:17', '2026-03-25 15:01:17'),
(71, 43, 80, 4, 1, '2026-03-25 15:01:17', '2026-03-25 15:01:17'),
(72, 44, 81, 4, 1, '2026-03-25 15:02:01', '2026-03-25 15:02:01'),
(73, 44, 82, 1, 2, '2026-03-25 15:02:01', '2026-03-25 15:02:01'),
(74, 45, 83, 1, 4, '2026-03-25 15:02:52', '2026-03-25 15:02:52'),
(75, 45, 84, 4, 1, '2026-03-25 15:02:52', '2026-03-25 15:02:52'),
(76, 46, 85, 3, 1, '2026-03-25 15:03:33', '2026-03-25 15:03:33'),
(77, 47, 86, 1, 2, '2026-03-25 15:04:29', '2026-03-25 15:04:29'),
(78, 47, 87, 4, 1, '2026-03-25 15:04:29', '2026-03-25 15:04:29'),
(79, 48, 88, 1, 4, '2026-03-25 15:05:13', '2026-03-25 15:05:13'),
(80, 48, 89, 4, 1, '2026-03-25 15:05:13', '2026-03-25 15:05:13'),
(81, 49, 90, 1, 2, '2026-03-25 15:05:57', '2026-03-25 15:05:57'),
(82, 49, 91, 4, 1, '2026-03-25 15:05:57', '2026-03-25 15:05:57'),
(83, 50, 92, 1, 4, '2026-03-25 15:06:27', '2026-03-25 15:06:27'),
(84, 50, 93, 4, 1, '2026-03-25 15:06:27', '2026-03-25 15:06:27'),
(85, 51, 94, 1, 2, '2026-03-25 15:07:37', '2026-03-25 15:07:37'),
(86, 51, 95, 4, 1, '2026-03-25 15:07:37', '2026-03-25 15:07:37'),
(87, 51, 96, 3, 1, '2026-03-25 15:07:37', '2026-03-25 15:07:37'),
(88, 52, 97, 1, 3, '2026-03-25 15:08:20', '2026-03-25 15:08:20'),
(89, 53, 98, 1, 1, '2026-03-25 15:09:15', '2026-03-25 15:09:15'),
(90, 53, 99, 4, 1, '2026-03-25 15:09:15', '2026-03-25 15:09:15'),
(91, 53, 100, 2, 2, '2026-03-25 15:09:15', '2026-03-25 15:09:15'),
(92, 54, 101, 1, 4, '2026-03-25 15:10:16', '2026-03-25 15:10:16'),
(93, 54, 102, 4, 1, '2026-03-25 15:10:16', '2026-03-25 15:10:16'),
(94, 55, 103, 3, 1, '2026-03-25 15:11:03', '2026-03-25 15:11:03'),
(95, 56, 104, 3, 1, '2026-03-25 15:11:34', '2026-03-25 15:11:34'),
(96, 57, 105, 3, 1, '2026-03-25 15:12:05', '2026-03-25 15:12:05'),
(97, 58, 106, 1, 4, '2026-03-25 15:13:18', '2026-03-25 15:13:18'),
(98, 58, 107, 4, 1, '2026-03-25 15:13:18', '2026-03-25 15:13:18'),
(99, 59, 108, 1, 3, '2026-03-25 15:14:05', '2026-03-25 15:14:05'),
(100, 60, 109, 1, 2, '2026-03-25 15:14:58', '2026-03-25 15:14:58'),
(101, 60, 110, 2, 2, '2026-03-25 15:14:58', '2026-03-25 15:14:58'),
(102, 60, 111, 4, 1, '2026-03-25 15:14:58', '2026-03-25 15:14:58'),
(103, 61, 112, 3, 1, '2026-03-25 15:15:36', '2026-03-25 15:15:36'),
(104, 62, 113, 1, 4, '2026-03-25 15:16:31', '2026-03-25 15:16:31'),
(105, 62, 114, 4, 1, '2026-03-25 15:16:31', '2026-03-25 15:16:31'),
(106, 63, 115, 1, 4, '2026-03-25 15:17:30', '2026-03-25 15:17:30'),
(107, 63, 116, 4, 1, '2026-03-25 15:17:30', '2026-03-25 15:17:30'),
(108, 64, 117, 3, 1, '2026-03-25 15:17:59', '2026-03-25 15:17:59'),
(109, 65, 118, 4, 1, '2026-03-25 15:18:51', '2026-03-25 15:18:51'),
(110, 65, 119, 2, 4, '2026-03-25 15:18:51', '2026-03-25 15:18:51'),
(111, 66, 120, 1, 4, '2026-03-25 15:19:31', '2026-03-25 15:19:31'),
(112, 66, 121, 4, 1, '2026-03-25 15:19:31', '2026-03-25 15:19:31'),
(113, 67, 122, 2, 8, '2026-03-25 15:20:27', '2026-03-25 15:20:27'),
(114, 67, 123, 4, 3, '2026-03-25 15:20:27', '2026-03-25 15:20:27'),
(115, 68, 124, 1, 2, '2026-03-25 15:21:00', '2026-03-25 15:21:00'),
(116, 69, 125, 1, 2, '2026-03-26 11:00:10', '2026-03-26 11:00:10'),
(117, 69, 126, 4, 1, '2026-03-26 11:00:10', '2026-03-26 11:00:10'),
(118, 69, 127, 3, 1, '2026-03-26 11:00:10', '2026-03-26 11:00:10'),
(119, 70, 128, 4, 2, '2026-03-26 11:01:15', '2026-03-26 11:01:15'),
(120, 70, 129, 1, 2, '2026-03-26 11:01:15', '2026-03-26 11:01:15'),
(121, 70, 130, 2, 4, '2026-03-26 11:01:15', '2026-03-26 11:01:15'),
(122, 71, 131, 1, 2, '2026-03-26 11:01:59', '2026-03-26 11:01:59'),
(123, 72, 132, 1, 4, '2026-03-26 11:02:27', '2026-03-26 11:02:27'),
(124, 59, 133, 1, 3, '2026-03-26 11:05:35', '2026-03-26 11:05:35');

-- --------------------------------------------------------

--
-- Table structure for table `migrations`
--

CREATE TABLE `migrations` (
  `id` int(10) UNSIGNED NOT NULL,
  `migration` varchar(255) NOT NULL,
  `batch` int(11) NOT NULL
) ENGINE=InnoDB DEFAULT CHARSET=utf8mb4 COLLATE=utf8mb4_unicode_ci;

--
-- Dumping data for table `migrations`
--

INSERT INTO `migrations` (`id`, `migration`, `batch`) VALUES
(1, '0000_10_05_191025_create_roles_table', 1),
(2, '0001_01_01_000000_create_users_table', 1),
(3, '0001_01_01_000001_create_cache_table', 1),
(4, '0001_01_01_000002_create_jobs_table', 1),
(5, '2025_08_26_100418_add_two_factor_columns_to_users_table', 1),
(6, '2025_10_07_222529_create_clients_table', 1),
(7, '2025_10_07_222530_create_bills_table', 1),
(8, '2025_10_07_222532_create_products_table', 1),
(9, '2025_10_07_222533_create_stock_movements_table', 1),
(10, '2025_10_07_222534_create_bill_items_table', 1),
(11, '2025_10_07_222535_create_orders_table', 1),
(12, '2025_10_07_222536_create_order_states_table', 1),
(13, '2025_10_07_222537_create_item_orders_table', 1),
(14, '2025_10_20_181134_create_costs_table', 1),
(15, '2025_11_17_154102_create_notes_table', 1),
(16, '2025_11_17_154535_create_files_table', 1);

-- --------------------------------------------------------

--
-- Table structure for table `notes`
--

CREATE TABLE `notes` (
  `id` int(10) UNSIGNED NOT NULL,
  `message` varchar(255) NOT NULL,
  `check` tinyint(1) NOT NULL DEFAULT 0,
  `user_id` int(10) UNSIGNED NOT NULL,
  `is_private` tinyint(1) NOT NULL DEFAULT 0,
  `order_id` int(10) UNSIGNED NOT NULL,
  `created_at` timestamp NULL DEFAULT NULL,
  `updated_at` timestamp NULL DEFAULT NULL
) ENGINE=InnoDB DEFAULT CHARSET=utf8mb4 COLLATE=utf8mb4_unicode_ci;

-- --------------------------------------------------------

--
-- Table structure for table `orders`
--

CREATE TABLE `orders` (
  `id` int(10) UNSIGNED NOT NULL,
  `user_id` int(10) UNSIGNED NOT NULL,
  `client_id` int(10) UNSIGNED NOT NULL,
  `assigned_to` int(10) UNSIGNED DEFAULT NULL,
  `last_state` varchar(255) DEFAULT NULL,
  `address` varchar(255) NOT NULL,
  `code` varchar(255) DEFAULT NULL,
  `date_from` date DEFAULT NULL,
  `date_to` date DEFAULT NULL,
  `is_active` tinyint(1) NOT NULL DEFAULT 1,
  `created_at` timestamp NULL DEFAULT NULL,
  `updated_at` timestamp NULL DEFAULT NULL
) ENGINE=InnoDB DEFAULT CHARSET=utf8mb4 COLLATE=utf8mb4_unicode_ci;

--
-- Dumping data for table `orders`
--

INSERT INTO `orders` (`id`, `user_id`, `client_id`, `assigned_to`, `last_state`, `address`, `code`, `date_from`, `date_to`, `is_active`, `created_at`, `updated_at`) VALUES
(5, 1, 2, 2, '3', 'sandia 2231', NULL, '2026-02-06', NULL, 1, '2026-02-06 13:40:33', '2026-03-25 15:22:42'),
(6, 1, 2, NULL, '0', 'asd', '123', '2026-02-12', '2026-02-14', 1, '2026-02-12 20:21:19', '2026-02-12 20:21:19'),
(7, 1, 2, 2, '2', 'dorrego', NULL, '2026-02-17', NULL, 1, '2026-02-18 13:52:24', '2026-02-18 13:52:59'),
(8, 1, 2, 2, '3', 'asdasd 123123', NULL, NULL, NULL, 1, '2026-02-19 20:27:17', '2026-02-19 20:27:33'),
(10, 1, 4, 2, '1', 'el pozo m15 v6', NULL, '2026-01-14', NULL, 1, '2026-03-25 13:55:47', '2026-03-25 15:23:12'),
(11, 1, 4, 2, '1', 'primera junta 3176', NULL, '2026-01-27', NULL, 1, '2026-03-25 13:59:49', '2026-03-25 15:23:51'),
(12, 1, 4, 2, '1', 'ruta 168 altura boliches', NULL, '2026-01-31', NULL, 1, '2026-03-25 14:01:01', '2026-03-25 15:24:27'),
(13, 1, 4, 2, '1', 'espora 2940', NULL, '2026-02-03', NULL, 1, '2026-03-25 14:09:38', '2026-03-30 20:07:14'),
(14, 1, 4, 2, '1', 'republica de siria 8070', NULL, '2026-02-04', NULL, 1, '2026-03-25 14:10:36', '2026-03-30 20:07:31'),
(15, 1, 4, 2, '1', 'martin zapata 3016', NULL, '2026-02-24', NULL, 1, '2026-03-25 14:11:30', '2026-03-30 20:07:42'),
(16, 1, 4, 2, '1', 'entre rios 3167', NULL, '2026-02-25', NULL, 1, '2026-03-25 14:12:18', '2026-03-30 20:07:54'),
(17, 1, 4, 2, '1', '9 de julio 2756', NULL, '2026-03-25', NULL, 1, '2026-03-25 14:37:11', '2026-03-30 20:08:11'),
(18, 1, 4, 2, '1', 'lavalle 7333', NULL, '2026-03-02', NULL, 1, '2026-03-25 14:37:58', '2026-03-30 20:08:22'),
(19, 1, 4, 2, '1', 'alberti 694', NULL, '2026-03-02', NULL, 1, '2026-03-25 14:38:48', '2026-03-30 20:08:34'),
(20, 1, 4, 2, '1', 'patricio cullen 7889', NULL, '2026-03-02', NULL, 1, '2026-03-25 14:39:41', '2026-03-30 20:08:46'),
(21, 1, 4, 2, '1', 'gutierrez 3065', NULL, '2026-03-03', NULL, 1, '2026-03-25 14:40:39', '2026-03-30 20:10:05'),
(22, 1, 4, 2, '1', 'matheu y echague', NULL, '2026-03-04', NULL, 1, '2026-03-25 14:41:28', '2026-03-30 20:10:14'),
(23, 1, 4, 2, '1', '9 de julio 2756', NULL, '2026-03-04', NULL, 1, '2026-03-25 14:42:38', '2026-03-30 20:10:24'),
(24, 1, 4, 2, '1', 'matheu y echague', NULL, '2026-03-04', NULL, 1, '2026-03-25 14:43:23', '2026-03-30 20:10:37'),
(25, 1, 4, 2, '1', 'llerena 4182', NULL, '2026-03-04', NULL, 1, '2026-03-25 14:44:52', '2026-03-30 20:10:50'),
(26, 1, 4, 2, '1', 'jj paso y lamadrid', NULL, '2026-03-09', NULL, 1, '2026-03-25 14:45:32', '2026-03-30 20:11:00'),
(27, 1, 4, 2, '1', 'urquiza 6968', NULL, '2026-03-09', NULL, 1, '2026-03-25 14:46:34', '2026-03-30 20:11:11'),
(28, 1, 4, 2, '1', 'pedro zenteno 3666', NULL, '2026-03-10', NULL, 1, '2026-03-25 14:47:21', '2026-03-30 20:11:20'),
(29, 1, 4, 2, '1', 'javier de rosa y pasaje leiva', NULL, '2026-03-10', NULL, 1, '2026-03-25 14:48:08', '2026-03-30 20:12:45'),
(30, 1, 4, 2, '1', 'jm zuviria 2929', NULL, '2026-03-10', NULL, 1, '2026-03-25 14:48:54', '2026-03-30 20:12:56'),
(31, 1, 4, 2, '1', 'mariano comas 2473', NULL, '2026-03-11', NULL, 1, '2026-03-25 14:49:29', '2026-03-30 20:13:08'),
(32, 1, 4, 2, '1', '3 de febrero 3972', NULL, '2026-03-11', NULL, 1, '2026-03-25 14:50:15', '2026-03-30 20:13:18'),
(33, 1, 4, 2, '1', 'derqui 3251', NULL, '2026-03-11', NULL, 1, '2026-03-25 14:50:57', '2026-03-30 20:13:28'),
(34, 1, 4, 2, '1', '3 de febrero 3000', NULL, '2026-03-12', NULL, 1, '2026-03-25 14:52:17', '2026-03-30 20:13:39'),
(35, 1, 4, 2, '1', 'francia 1172', NULL, '2026-03-12', NULL, 1, '2026-03-25 14:53:00', '2026-03-30 20:13:50'),
(36, 1, 4, 2, '1', 'jj paso y pasaje alfonso', NULL, '2026-03-12', NULL, 1, '2026-03-25 14:53:38', '2026-03-30 20:13:59'),
(37, 1, 4, 2, '1', '9 de julio 2756', NULL, '2026-03-12', NULL, 1, '2026-03-25 14:54:38', '2026-03-30 20:14:10'),
(38, 1, 4, 2, '3', 'jm zuviria 1332', NULL, '2026-03-12', NULL, 1, '2026-03-25 14:55:16', '2026-03-26 11:09:04'),
(39, 1, 4, 2, '1', 'llerena 2651', NULL, '2026-03-12', NULL, 1, '2026-03-25 14:56:08', '2026-03-30 20:14:20'),
(40, 1, 4, 2, '1', '3 de febrero 3000', NULL, '2026-03-13', NULL, 1, '2026-03-25 14:57:13', '2026-03-30 20:14:31'),
(41, 1, 4, 2, '1', '3 de febrero 3000', NULL, '2026-03-13', NULL, 1, '2026-03-25 14:59:33', '2026-03-30 20:14:41'),
(42, 1, 4, 2, '1', '9 de julio y bv pellegrini', NULL, '2026-03-13', NULL, 1, '2026-03-25 15:00:27', '2026-03-30 20:15:31'),
(43, 1, 4, 2, '1', 'bv pellegrini 3100', NULL, '2026-03-13', NULL, 1, '2026-03-25 15:01:17', '2026-03-30 20:15:56'),
(44, 1, 4, 2, '1', 'martin zapata 3000', NULL, '2026-03-16', NULL, 1, '2026-03-25 15:02:01', '2026-03-30 20:16:30'),
(45, 1, 4, 2, '1', 'llerena 2666', NULL, '2026-03-16', NULL, 1, '2026-03-25 15:02:52', '2026-03-30 20:16:48'),
(46, 1, 4, 2, '1', 'facundo zuviria 4377', NULL, '2026-03-16', NULL, 1, '2026-03-25 15:03:33', '2026-03-30 20:17:03'),
(47, 1, 4, 2, '1', 'martin zapata 3018', NULL, '2026-03-16', NULL, 1, '2026-03-25 15:04:29', '2026-03-30 20:17:14'),
(48, 1, 4, 2, '3', 'jm zuviria 1332', NULL, '2026-03-16', NULL, 1, '2026-03-25 15:05:13', '2026-03-26 11:08:28'),
(49, 1, 4, 2, '1', 'alberti 694', NULL, '2026-03-17', NULL, 1, '2026-03-25 15:05:57', '2026-03-30 20:17:27'),
(50, 1, 4, 2, '1', 'sarmiento 2700', NULL, '2026-03-17', NULL, 1, '2026-03-25 15:06:27', '2026-03-30 20:17:39'),
(51, 1, 4, 2, '1', 'facundo zuviria 4377', NULL, '2026-03-18', NULL, 1, '2026-03-25 15:07:37', '2026-03-30 20:17:54'),
(52, 1, 4, 2, '1', 'blas parera 6498', NULL, '2026-03-18', NULL, 1, '2026-03-25 15:08:20', '2026-03-30 20:18:05'),
(53, 1, 4, 2, '1', 'alberti 694', NULL, '2026-03-19', NULL, 1, '2026-03-25 15:09:14', '2026-03-30 20:18:16'),
(54, 1, 4, 2, '1', 'monseñor zaspe 3355', NULL, '2026-03-19', NULL, 1, '2026-03-25 15:10:16', '2026-03-30 20:18:29'),
(55, 1, 4, 2, '1', 'francia 2237', NULL, '2026-03-19', NULL, 1, '2026-03-25 15:11:03', '2026-03-30 20:18:40'),
(56, 1, 4, 2, '1', 'suipacha 2669', NULL, '2026-03-19', NULL, 1, '2026-03-25 15:11:34', '2026-03-30 20:18:52'),
(57, 1, 4, 2, '1', 'sarmiento 3841', NULL, '2026-03-19', NULL, 1, '2026-03-25 15:12:05', '2026-03-30 20:19:03'),
(58, 1, 4, 2, '1', 'hipolito yrigoyen', NULL, '2026-03-19', NULL, 1, '2026-03-25 15:13:18', '2026-03-30 20:19:16'),
(59, 1, 4, 2, '3', 'pasaje entre 1 de mayo y 4 de enro', NULL, '2026-03-19', NULL, 1, '2026-03-25 15:14:05', '2026-03-26 11:04:09'),
(60, 1, 4, 2, '1', 'sarmiento 3841', NULL, '2026-03-20', NULL, 1, '2026-03-25 15:14:58', '2026-03-30 20:19:31'),
(61, 1, 4, 2, '1', 'san jeronimo 2950', NULL, '2026-03-20', NULL, 1, '2026-03-25 15:15:36', '2026-03-30 20:20:39'),
(62, 1, 4, 2, '1', 'pasaje venialbo 5730', NULL, '2026-03-20', NULL, 1, '2026-03-25 15:16:31', '2026-03-30 20:20:51'),
(63, 1, 4, 2, '1', 'pietranera 3199', NULL, '2026-03-20', NULL, 1, '2026-03-25 15:17:30', '2026-03-30 20:21:04'),
(64, 1, 4, 2, '1', '9 de julio 2700', NULL, '2026-03-20', NULL, 1, '2026-03-25 15:17:59', '2026-03-30 20:21:16'),
(65, 1, 4, 2, '1', '4 de enero 1100', NULL, '2026-03-20', NULL, 1, '2026-03-25 15:18:51', '2026-03-30 20:21:29'),
(66, 1, 4, 2, '1', 'domingo silva 1957', NULL, '2026-03-20', NULL, 1, '2026-03-25 15:19:31', '2026-03-30 20:21:42'),
(67, 1, 4, 2, '1', 'lavaisse y gobernador freyre', NULL, '2026-03-20', NULL, 1, '2026-03-25 15:20:27', '2026-03-30 20:21:53'),
(68, 1, 4, 2, '1', 'domingo silva 1957', NULL, '2026-03-23', NULL, 1, '2026-03-25 15:21:00', '2026-03-30 20:22:05'),
(69, 1, 4, 2, '1', '4 de enero 2089', NULL, '2026-03-25', NULL, 1, '2026-03-26 11:00:10', '2026-03-30 20:22:16'),
(70, 1, 4, 2, '1', 'guemes 4100', NULL, '2026-03-25', NULL, 1, '2026-03-26 11:01:15', '2026-03-30 20:09:40'),
(71, 1, 4, 2, '1', 'suipacha 2669', NULL, '2026-03-25', NULL, 1, '2026-03-26 11:01:59', '2026-03-26 11:06:30'),
(72, 1, 4, 2, '1', 'ruperto godoy 2241', NULL, '2026-03-25', NULL, 1, '2026-03-26 11:02:27', '2026-03-30 20:09:02');

-- --------------------------------------------------------

--
-- Table structure for table `order_states`
--

CREATE TABLE `order_states` (
  `id` int(10) UNSIGNED NOT NULL,
  `name` int(11) NOT NULL,
  `order_id` int(10) UNSIGNED NOT NULL,
  `created_at` timestamp NULL DEFAULT NULL,
  `updated_at` timestamp NULL DEFAULT NULL
) ENGINE=InnoDB DEFAULT CHARSET=utf8mb4 COLLATE=utf8mb4_unicode_ci;

--
-- Dumping data for table `order_states`
--

INSERT INTO `order_states` (`id`, `name`, `order_id`, `created_at`, `updated_at`) VALUES
(8, 0, 5, '2026-02-06 13:40:33', '2026-02-06 13:40:33'),
(9, 1, 5, '2026-02-06 13:40:47', '2026-02-06 13:40:47'),
(10, 2, 5, '2026-02-06 14:11:48', '2026-02-06 14:11:48'),
(11, 0, 6, '2026-02-12 20:21:19', '2026-02-12 20:21:19'),
(12, 0, 7, '2026-02-18 13:52:24', '2026-02-18 13:52:24'),
(13, 1, 7, '2026-02-18 13:52:39', '2026-02-18 13:52:39'),
(14, 2, 7, '2026-02-18 13:52:59', '2026-02-18 13:52:59'),
(15, 0, 8, '2026-02-19 20:27:17', '2026-02-19 20:27:17'),
(16, 1, 8, '2026-02-19 20:27:25', '2026-02-19 20:27:25'),
(17, 2, 8, '2026-02-19 20:27:29', '2026-02-19 20:27:29'),
(18, 3, 8, '2026-02-19 20:27:33', '2026-02-19 20:27:33'),
(27, 0, 10, '2026-03-25 13:55:47', '2026-03-25 13:55:47'),
(28, 0, 11, '2026-03-25 13:59:49', '2026-03-25 13:59:49'),
(29, 0, 12, '2026-03-25 14:01:01', '2026-03-25 14:01:01'),
(30, 0, 13, '2026-03-25 14:09:38', '2026-03-25 14:09:38'),
(31, 0, 14, '2026-03-25 14:10:36', '2026-03-25 14:10:36'),
(32, 0, 15, '2026-03-25 14:11:30', '2026-03-25 14:11:30'),
(33, 0, 16, '2026-03-25 14:12:18', '2026-03-25 14:12:18'),
(34, 0, 17, '2026-03-25 14:37:11', '2026-03-25 14:37:11'),
(35, 0, 18, '2026-03-25 14:37:58', '2026-03-25 14:37:58'),
(36, 0, 19, '2026-03-25 14:38:48', '2026-03-25 14:38:48'),
(37, 0, 20, '2026-03-25 14:39:41', '2026-03-25 14:39:41'),
(38, 0, 21, '2026-03-25 14:40:39', '2026-03-25 14:40:39'),
(39, 0, 22, '2026-03-25 14:41:28', '2026-03-25 14:41:28'),
(40, 0, 23, '2026-03-25 14:42:38', '2026-03-25 14:42:38'),
(41, 0, 24, '2026-03-25 14:43:23', '2026-03-25 14:43:23'),
(42, 0, 25, '2026-03-25 14:44:52', '2026-03-25 14:44:52'),
(43, 0, 26, '2026-03-25 14:45:32', '2026-03-25 14:45:32'),
(44, 0, 27, '2026-03-25 14:46:34', '2026-03-25 14:46:34'),
(45, 0, 28, '2026-03-25 14:47:21', '2026-03-25 14:47:21'),
(46, 0, 29, '2026-03-25 14:48:08', '2026-03-25 14:48:08'),
(47, 0, 30, '2026-03-25 14:48:54', '2026-03-25 14:48:54'),
(48, 0, 31, '2026-03-25 14:49:29', '2026-03-25 14:49:29'),
(49, 0, 32, '2026-03-25 14:50:15', '2026-03-25 14:50:15'),
(50, 0, 33, '2026-03-25 14:50:57', '2026-03-25 14:50:57'),
(51, 0, 34, '2026-03-25 14:52:17', '2026-03-25 14:52:17'),
(52, 0, 35, '2026-03-25 14:53:00', '2026-03-25 14:53:00'),
(53, 0, 36, '2026-03-25 14:53:38', '2026-03-25 14:53:38'),
(54, 0, 37, '2026-03-25 14:54:38', '2026-03-25 14:54:38'),
(55, 0, 38, '2026-03-25 14:55:16', '2026-03-25 14:55:16'),
(56, 0, 39, '2026-03-25 14:56:08', '2026-03-25 14:56:08'),
(57, 0, 40, '2026-03-25 14:57:13', '2026-03-25 14:57:13'),
(58, 0, 41, '2026-03-25 14:59:33', '2026-03-25 14:59:33'),
(59, 0, 42, '2026-03-25 15:00:27', '2026-03-25 15:00:27'),
(60, 0, 43, '2026-03-25 15:01:17', '2026-03-25 15:01:17'),
(61, 0, 44, '2026-03-25 15:02:01', '2026-03-25 15:02:01'),
(62, 0, 45, '2026-03-25 15:02:52', '2026-03-25 15:02:52'),
(63, 0, 46, '2026-03-25 15:03:33', '2026-03-25 15:03:33'),
(64, 0, 47, '2026-03-25 15:04:29', '2026-03-25 15:04:29'),
(65, 0, 48, '2026-03-25 15:05:13', '2026-03-25 15:05:13'),
(66, 0, 49, '2026-03-25 15:05:57', '2026-03-25 15:05:57'),
(67, 0, 50, '2026-03-25 15:06:27', '2026-03-25 15:06:27'),
(68, 0, 51, '2026-03-25 15:07:37', '2026-03-25 15:07:37'),
(69, 0, 52, '2026-03-25 15:08:20', '2026-03-25 15:08:20'),
(70, 0, 53, '2026-03-25 15:09:14', '2026-03-25 15:09:14'),
(71, 0, 54, '2026-03-25 15:10:16', '2026-03-25 15:10:16'),
(72, 0, 55, '2026-03-25 15:11:03', '2026-03-25 15:11:03'),
(73, 0, 56, '2026-03-25 15:11:34', '2026-03-25 15:11:34'),
(74, 0, 57, '2026-03-25 15:12:05', '2026-03-25 15:12:05'),
(75, 0, 58, '2026-03-25 15:13:18', '2026-03-25 15:13:18'),
(76, 0, 59, '2026-03-25 15:14:05', '2026-03-25 15:14:05'),
(77, 0, 60, '2026-03-25 15:14:58', '2026-03-25 15:14:58'),
(78, 0, 61, '2026-03-25 15:15:36', '2026-03-25 15:15:36'),
(79, 0, 62, '2026-03-25 15:16:31', '2026-03-25 15:16:31'),
(80, 0, 63, '2026-03-25 15:17:30', '2026-03-25 15:17:30'),
(81, 0, 64, '2026-03-25 15:17:59', '2026-03-25 15:17:59'),
(82, 0, 65, '2026-03-25 15:18:51', '2026-03-25 15:18:51'),
(83, 0, 66, '2026-03-25 15:19:31', '2026-03-25 15:19:31'),
(84, 0, 67, '2026-03-25 15:20:27', '2026-03-25 15:20:27'),
(85, 0, 68, '2026-03-25 15:21:00', '2026-03-25 15:21:00'),
(86, 3, 5, '2026-03-25 15:22:42', '2026-03-25 15:22:42'),
(87, 1, 10, '2026-03-25 15:23:12', '2026-03-25 15:23:12'),
(88, 1, 11, '2026-03-25 15:23:51', '2026-03-25 15:23:51'),
(89, 1, 12, '2026-03-25 15:24:27', '2026-03-25 15:24:27'),
(90, 0, 69, '2026-03-26 11:00:10', '2026-03-26 11:00:10'),
(91, 0, 70, '2026-03-26 11:01:15', '2026-03-26 11:01:15'),
(92, 0, 71, '2026-03-26 11:01:59', '2026-03-26 11:01:59'),
(93, 0, 72, '2026-03-26 11:02:27', '2026-03-26 11:02:27'),
(94, 1, 59, '2026-03-26 11:03:03', '2026-03-26 11:03:03'),
(95, 2, 59, '2026-03-26 11:04:04', '2026-03-26 11:04:04'),
(96, 3, 59, '2026-03-26 11:04:09', '2026-03-26 11:04:09'),
(97, 1, 48, '2026-03-26 11:06:06', '2026-03-26 11:06:06'),
(98, 1, 71, '2026-03-26 11:06:30', '2026-03-26 11:06:30'),
(99, 2, 48, '2026-03-26 11:08:18', '2026-03-26 11:08:18'),
(100, 3, 48, '2026-03-26 11:08:28', '2026-03-26 11:08:28'),
(101, 1, 38, '2026-03-26 11:08:57', '2026-03-26 11:08:57'),
(102, 2, 38, '2026-03-26 11:09:02', '2026-03-26 11:09:02'),
(103, 3, 38, '2026-03-26 11:09:04', '2026-03-26 11:09:04'),
(104, 1, 13, '2026-03-30 20:07:14', '2026-03-30 20:07:14'),
(105, 1, 14, '2026-03-30 20:07:31', '2026-03-30 20:07:31'),
(106, 1, 15, '2026-03-30 20:07:42', '2026-03-30 20:07:42'),
(107, 1, 16, '2026-03-30 20:07:54', '2026-03-30 20:07:54'),
(108, 1, 17, '2026-03-30 20:08:11', '2026-03-30 20:08:11'),
(109, 1, 18, '2026-03-30 20:08:22', '2026-03-30 20:08:22'),
(110, 1, 19, '2026-03-30 20:08:34', '2026-03-30 20:08:34'),
(111, 1, 20, '2026-03-30 20:08:47', '2026-03-30 20:08:47'),
(112, 1, 72, '2026-03-30 20:09:02', '2026-03-30 20:09:02'),
(113, 1, 70, '2026-03-30 20:09:40', '2026-03-30 20:09:40'),
(114, 1, 21, '2026-03-30 20:10:05', '2026-03-30 20:10:05'),
(115, 1, 22, '2026-03-30 20:10:14', '2026-03-30 20:10:14'),
(116, 1, 23, '2026-03-30 20:10:25', '2026-03-30 20:10:25'),
(117, 1, 24, '2026-03-30 20:10:37', '2026-03-30 20:10:37'),
(118, 1, 25, '2026-03-30 20:10:50', '2026-03-30 20:10:50'),
(119, 1, 26, '2026-03-30 20:11:00', '2026-03-30 20:11:00'),
(120, 1, 27, '2026-03-30 20:11:11', '2026-03-30 20:11:11'),
(121, 1, 28, '2026-03-30 20:11:20', '2026-03-30 20:11:20'),
(122, 1, 29, '2026-03-30 20:12:45', '2026-03-30 20:12:45'),
(123, 1, 30, '2026-03-30 20:12:56', '2026-03-30 20:12:56'),
(124, 1, 31, '2026-03-30 20:13:08', '2026-03-30 20:13:08'),
(125, 1, 32, '2026-03-30 20:13:18', '2026-03-30 20:13:18'),
(126, 1, 33, '2026-03-30 20:13:28', '2026-03-30 20:13:28'),
(127, 1, 34, '2026-03-30 20:13:39', '2026-03-30 20:13:39'),
(128, 1, 35, '2026-03-30 20:13:50', '2026-03-30 20:13:50'),
(129, 1, 36, '2026-03-30 20:13:59', '2026-03-30 20:13:59'),
(130, 1, 37, '2026-03-30 20:14:10', '2026-03-30 20:14:10'),
(131, 1, 39, '2026-03-30 20:14:20', '2026-03-30 20:14:20'),
(132, 1, 40, '2026-03-30 20:14:31', '2026-03-30 20:14:31'),
(133, 1, 41, '2026-03-30 20:14:41', '2026-03-30 20:14:41'),
(134, 1, 42, '2026-03-30 20:15:31', '2026-03-30 20:15:31'),
(135, 1, 43, '2026-03-30 20:15:56', '2026-03-30 20:15:56'),
(136, 1, 44, '2026-03-30 20:16:30', '2026-03-30 20:16:30'),
(137, 1, 45, '2026-03-30 20:16:48', '2026-03-30 20:16:48'),
(138, 1, 46, '2026-03-30 20:17:03', '2026-03-30 20:17:03'),
(139, 1, 47, '2026-03-30 20:17:14', '2026-03-30 20:17:14'),
(140, 1, 49, '2026-03-30 20:17:27', '2026-03-30 20:17:27'),
(141, 1, 50, '2026-03-30 20:17:40', '2026-03-30 20:17:40'),
(142, 1, 51, '2026-03-30 20:17:54', '2026-03-30 20:17:54'),
(143, 1, 52, '2026-03-30 20:18:05', '2026-03-30 20:18:05'),
(144, 1, 53, '2026-03-30 20:18:16', '2026-03-30 20:18:16'),
(145, 1, 54, '2026-03-30 20:18:29', '2026-03-30 20:18:29'),
(146, 1, 55, '2026-03-30 20:18:40', '2026-03-30 20:18:40'),
(147, 1, 56, '2026-03-30 20:18:52', '2026-03-30 20:18:52'),
(148, 1, 57, '2026-03-30 20:19:03', '2026-03-30 20:19:03'),
(149, 1, 58, '2026-03-30 20:19:18', '2026-03-30 20:19:18'),
(150, 1, 58, '2026-03-30 20:19:18', '2026-03-30 20:19:18'),
(151, 1, 60, '2026-03-30 20:19:31', '2026-03-30 20:19:31'),
(152, 1, 61, '2026-03-30 20:20:39', '2026-03-30 20:20:39'),
(153, 1, 62, '2026-03-30 20:20:51', '2026-03-30 20:20:51'),
(154, 1, 63, '2026-03-30 20:21:04', '2026-03-30 20:21:04'),
(155, 1, 64, '2026-03-30 20:21:17', '2026-03-30 20:21:17'),
(156, 1, 65, '2026-03-30 20:21:29', '2026-03-30 20:21:29'),
(157, 1, 66, '2026-03-30 20:21:42', '2026-03-30 20:21:42'),
(158, 1, 67, '2026-03-30 20:21:53', '2026-03-30 20:21:53'),
(159, 1, 68, '2026-03-30 20:22:05', '2026-03-30 20:22:05'),
(160, 1, 69, '2026-03-30 20:22:16', '2026-03-30 20:22:16');

-- --------------------------------------------------------

--
-- Table structure for table `password_reset_tokens`
--

CREATE TABLE `password_reset_tokens` (
  `email` varchar(255) NOT NULL,
  `token` varchar(255) NOT NULL,
  `created_at` timestamp NULL DEFAULT NULL
) ENGINE=InnoDB DEFAULT CHARSET=utf8mb4 COLLATE=utf8mb4_unicode_ci;

-- --------------------------------------------------------

--
-- Table structure for table `products`
--

CREATE TABLE `products` (
  `id` int(10) UNSIGNED NOT NULL,
  `name` varchar(255) NOT NULL,
  `created_at` timestamp NULL DEFAULT NULL,
  `updated_at` timestamp NULL DEFAULT NULL
) ENGINE=InnoDB DEFAULT CHARSET=utf8mb4 COLLATE=utf8mb4_unicode_ci;

--
-- Dumping data for table `products`
--

INSERT INTO `products` (`id`, `name`, `created_at`, `updated_at`) VALUES
(1, 'Vallas Cortas', '2026-01-29 14:24:12', '2026-01-29 14:24:12'),
(2, 'Vallas Largas', '2026-01-29 14:24:12', '2026-01-29 14:24:12'),
(3, 'Chapones', '2026-01-29 14:24:12', '2026-01-29 14:24:12'),
(4, 'Balizas', '2026-01-29 14:24:12', '2026-01-29 14:24:12'),
(5, 'Carteles', '2026-01-29 14:24:12', '2026-01-29 14:24:12'),
(6, 'Tachos', '2026-03-25 14:57:33', '2026-03-25 14:57:33');

-- --------------------------------------------------------

--
-- Table structure for table `roles`
--

CREATE TABLE `roles` (
  `id` int(10) UNSIGNED NOT NULL,
  `name` varchar(255) NOT NULL,
  `created_at` timestamp NULL DEFAULT NULL,
  `updated_at` timestamp NULL DEFAULT NULL
) ENGINE=InnoDB DEFAULT CHARSET=utf8mb4 COLLATE=utf8mb4_unicode_ci;

--
-- Dumping data for table `roles`
--

INSERT INTO `roles` (`id`, `name`, `created_at`, `updated_at`) VALUES
(1, 'admin', '2026-01-29 14:24:11', '2026-01-29 14:24:11'),
(2, 'worker', '2026-01-29 14:24:11', '2026-01-29 14:24:11');

-- --------------------------------------------------------

--
-- Table structure for table `sessions`
--

CREATE TABLE `sessions` (
  `id` varchar(255) NOT NULL,
  `user_id` bigint(20) UNSIGNED DEFAULT NULL,
  `ip_address` varchar(45) DEFAULT NULL,
  `user_agent` text DEFAULT NULL,
  `payload` longtext NOT NULL,
  `last_activity` int(11) NOT NULL
) ENGINE=InnoDB DEFAULT CHARSET=utf8mb4 COLLATE=utf8mb4_unicode_ci;

--
-- Dumping data for table `sessions`
--

INSERT INTO `sessions` (`id`, `user_id`, `ip_address`, `user_agent`, `payload`, `last_activity`) VALUES
('JVPbxfVv3yRxhVnnPSBQQljJ6ogUCZPiHWm3vaom', 1, '190.183.192.12', 'Mozilla/5.0 (Macintosh; Intel Mac OS X 10_15_7) AppleWebKit/537.36 (KHTML, like Gecko) Chrome/145.0.0.0 Safari/537.36', 'YTo0OntzOjY6Il90b2tlbiI7czo0MDoiT0hCWmNmVXVET3k1aXF5REp3Y1VNd3lvczMwRzg1Mzk4bkdTZk9qMiI7czo5OiJfcHJldmlvdXMiO2E6MTp7czozOiJ1cmwiO3M6NDA6Imh0dHA6Ly9zaXN0ZW1hLnJ6c2VndXJpZGFkZW5vYnJhcy5jb20uYXIiO31zOjY6Il9mbGFzaCI7YToyOntzOjM6Im9sZCI7YTowOnt9czozOiJuZXciO2E6MDp7fX1zOjUwOiJsb2dpbl93ZWJfNTliYTM2YWRkYzJiMmY5NDAxNTgwZjAxNGM3ZjU4ZWE0ZTMwOTg5ZCI7aToxO30=', 1774902952),
('R33GR9SYX4SShCYPYoYGEiiG0LRqJyGzJOF8f6ps', NULL, '190.8.63.229', 'Mozilla/5.0 (Macintosh; Intel Mac OS X 10_15_7) AppleWebKit/537.36 (KHTML, like Gecko) Chrome/146.0.0.0 Safari/537.36', 'YTozOntzOjY6Il90b2tlbiI7czo0MDoienNFUTFlM2NoREJCdFZISkZyWXVEMzJRNEJRT1d3Wkp5N2pVZDI5SiI7czo5OiJfcHJldmlvdXMiO2E6MTp7czozOiJ1cmwiO3M6NDA6Imh0dHA6Ly9zaXN0ZW1hLnJ6c2VndXJpZGFkZW5vYnJhcy5jb20uYXIiO31zOjY6Il9mbGFzaCI7YToyOntzOjM6Im9sZCI7YTowOnt9czozOiJuZXciO2E6MDp7fX19', 1774898819),
('yqKFHgHssmHrUrlrspXyhtIqIdqJlnr1Y8s0F7Br', 1, '152.170.140.129', 'Mozilla/5.0 (Windows NT 10.0; Win64; x64) AppleWebKit/537.36 (KHTML, like Gecko) Chrome/146.0.0.0 Safari/537.36', 'YTo0OntzOjY6Il90b2tlbiI7czo0MDoiNks1Skx3bTl3dE80ejF2T3R0VUVoYmQ5c2hOSG93bGdHV3RXMjBVQyI7czo5OiJfcHJldmlvdXMiO2E6MTp7czozOiJ1cmwiO3M6NDA6Imh0dHA6Ly9zaXN0ZW1hLnJ6c2VndXJpZGFkZW5vYnJhcy5jb20uYXIiO31zOjY6Il9mbGFzaCI7YToyOntzOjM6Im9sZCI7YTowOnt9czozOiJuZXciO2E6MDp7fX1zOjUwOiJsb2dpbl93ZWJfNTliYTM2YWRkYzJiMmY5NDAxNTgwZjAxNGM3ZjU4ZWE0ZTMwOTg5ZCI7aToxO30=', 1774902502);

-- --------------------------------------------------------

--
-- Table structure for table `stock_movements`
--

CREATE TABLE `stock_movements` (
  `id` int(10) UNSIGNED NOT NULL,
  `product_id` int(10) UNSIGNED NOT NULL,
  `type` varchar(255) NOT NULL,
  `is_billed` tinyint(1) NOT NULL DEFAULT 0,
  `qty` int(11) NOT NULL,
  `created_at` timestamp NULL DEFAULT NULL,
  `updated_at` timestamp NULL DEFAULT NULL
) ENGINE=InnoDB DEFAULT CHARSET=utf8mb4 COLLATE=utf8mb4_unicode_ci;

--
-- Dumping data for table `stock_movements`
--

INSERT INTO `stock_movements` (`id`, `product_id`, `type`, `is_billed`, `qty`, `created_at`, `updated_at`) VALUES
(1, 1, '1', 0, 40, '2025-12-20 14:24:12', '2026-01-29 14:24:12'),
(2, 2, '1', 0, 40, '2025-12-20 14:24:12', '2026-01-29 14:24:12'),
(3, 3, '1', 0, 40, '2025-12-20 14:24:12', '2026-01-29 14:24:12'),
(4, 4, '1', 0, 40, '2025-12-20 14:24:12', '2026-01-29 14:24:12'),
(5, 5, '1', 0, 40, '2025-12-20 14:24:12', '2026-01-29 14:24:12'),
(6, 1, '2', 1, 10, '2026-01-14 14:24:12', '2026-01-29 14:24:12'),
(7, 1, '0', 0, 10, '2026-01-24 14:24:12', '2026-01-29 14:24:12'),
(8, 2, '2', 0, 20, '2025-12-30 14:24:12', '2026-01-29 14:24:12'),
(9, 2, '0', 0, 20, '2026-01-19 14:24:12', '2026-01-29 14:24:12'),
(10, 3, '2', 0, 15, '2026-01-09 14:24:12', '2026-01-29 14:24:12'),
(11, 1, '2', 0, 4, '2026-02-02 18:02:37', '2026-02-02 18:02:37'),
(12, 4, '2', 0, 1, '2026-02-02 18:02:37', '2026-02-02 18:02:37'),
(13, 2, '2', 0, 1, '2026-02-06 13:40:33', '2026-02-06 13:40:33'),
(14, 3, '2', 0, 2, '2026-02-06 13:40:33', '2026-02-06 13:40:33'),
(15, 1, '2', 0, 5, '2026-02-12 20:21:33', '2026-02-12 20:21:33'),
(16, 4, '2', 0, 22, '2026-02-12 20:21:40', '2026-02-12 20:21:40'),
(17, 3, '2', 0, 22, '2026-02-12 20:22:02', '2026-02-12 20:22:02'),
(18, 2, '2', 0, 1, '2026-02-19 20:27:17', '2026-02-19 20:27:17'),
(19, 1, '2', 0, 3, '2026-03-25 13:55:47', '2026-03-25 13:55:47'),
(20, 4, '2', 0, 1, '2026-03-25 13:55:47', '2026-03-25 13:55:47'),
(21, 1, '2', 0, 5, '2026-03-25 13:59:49', '2026-03-25 13:59:49'),
(22, 4, '2', 0, 1, '2026-03-25 13:59:49', '2026-03-25 13:59:49'),
(23, 1, '2', 0, 7, '2026-03-25 14:01:01', '2026-03-25 14:01:01'),
(24, 4, '2', 0, 1, '2026-03-25 14:01:01', '2026-03-25 14:01:01'),
(25, 1, '2', 0, 3, '2026-03-25 14:09:38', '2026-03-25 14:09:38'),
(26, 1, '2', 0, 3, '2026-03-25 14:10:36', '2026-03-25 14:10:36'),
(27, 1, '2', 0, 4, '2026-03-25 14:11:30', '2026-03-25 14:11:30'),
(28, 3, '2', 0, 1, '2026-03-25 14:12:18', '2026-03-25 14:12:18'),
(29, 3, '2', 0, 1, '2026-03-25 14:37:11', '2026-03-25 14:37:11'),
(30, 1, '2', 0, 4, '2026-03-25 14:37:58', '2026-03-25 14:37:58'),
(31, 4, '2', 0, 1, '2026-03-25 14:37:58', '2026-03-25 14:37:58'),
(32, 1, '2', 0, 4, '2026-03-25 14:38:48', '2026-03-25 14:38:48'),
(33, 4, '2', 0, 1, '2026-03-25 14:38:48', '2026-03-25 14:38:48'),
(34, 1, '2', 0, 4, '2026-03-25 14:39:41', '2026-03-25 14:39:41'),
(35, 4, '2', 0, 1, '2026-03-25 14:39:42', '2026-03-25 14:39:42'),
(36, 1, '2', 0, 6, '2026-03-25 14:40:39', '2026-03-25 14:40:39'),
(37, 4, '2', 0, 1, '2026-03-25 14:40:39', '2026-03-25 14:40:39'),
(38, 1, '2', 0, 4, '2026-03-25 14:41:28', '2026-03-25 14:41:28'),
(39, 4, '2', 0, 1, '2026-03-25 14:41:28', '2026-03-25 14:41:28'),
(40, 2, '2', 0, 2, '2026-03-25 14:42:38', '2026-03-25 14:42:38'),
(41, 1, '2', 0, 1, '2026-03-25 14:42:38', '2026-03-25 14:42:38'),
(42, 1, '2', 0, 4, '2026-03-25 14:43:23', '2026-03-25 14:43:23'),
(43, 4, '2', 0, 1, '2026-03-25 14:43:23', '2026-03-25 14:43:23'),
(44, 1, '2', 0, 3, '2026-03-25 14:44:52', '2026-03-25 14:44:52'),
(45, 1, '2', 0, 3, '2026-03-25 14:45:32', '2026-03-25 14:45:32'),
(46, 1, '2', 0, 4, '2026-03-25 14:46:34', '2026-03-25 14:46:34'),
(47, 4, '2', 0, 1, '2026-03-25 14:46:34', '2026-03-25 14:46:34'),
(48, 1, '2', 0, 4, '2026-03-25 14:47:21', '2026-03-25 14:47:21'),
(49, 4, '2', 0, 1, '2026-03-25 14:47:21', '2026-03-25 14:47:21'),
(50, 1, '2', 0, 4, '2026-03-25 14:48:08', '2026-03-25 14:48:08'),
(51, 4, '2', 0, 1, '2026-03-25 14:48:08', '2026-03-25 14:48:08'),
(52, 1, '2', 0, 4, '2026-03-25 14:48:54', '2026-03-25 14:48:54'),
(53, 4, '2', 0, 1, '2026-03-25 14:48:55', '2026-03-25 14:48:55'),
(54, 3, '2', 0, 1, '2026-03-25 14:49:29', '2026-03-25 14:49:29'),
(55, 1, '2', 0, 5, '2026-03-25 14:50:15', '2026-03-25 14:50:15'),
(56, 4, '2', 0, 1, '2026-03-25 14:50:15', '2026-03-25 14:50:15'),
(57, 1, '2', 0, 4, '2026-03-25 14:50:57', '2026-03-25 14:50:57'),
(58, 4, '2', 0, 1, '2026-03-25 14:50:57', '2026-03-25 14:50:57'),
(59, 1, '2', 0, 11, '2026-03-25 14:52:17', '2026-03-25 14:52:17'),
(60, 2, '2', 0, 3, '2026-03-25 14:52:17', '2026-03-25 14:52:17'),
(61, 4, '2', 0, 3, '2026-03-25 14:52:17', '2026-03-25 14:52:17'),
(62, 1, '2', 0, 4, '2026-03-25 14:53:00', '2026-03-25 14:53:00'),
(63, 4, '2', 0, 1, '2026-03-25 14:53:00', '2026-03-25 14:53:00'),
(64, 1, '2', 0, 4, '2026-03-25 14:53:38', '2026-03-25 14:53:38'),
(65, 4, '2', 0, 1, '2026-03-25 14:54:38', '2026-03-25 14:54:38'),
(66, 1, '2', 0, 4, '2026-03-25 14:54:38', '2026-03-25 14:54:38'),
(67, 2, '2', 0, 1, '2026-03-25 14:54:38', '2026-03-25 14:54:38'),
(68, 4, '2', 0, 1, '2026-03-25 14:55:16', '2026-03-25 14:55:16'),
(69, 1, '2', 0, 4, '2026-03-25 14:55:16', '2026-03-25 14:55:16'),
(70, 1, '2', 0, 3, '2026-03-25 14:56:08', '2026-03-25 14:56:08'),
(71, 5, '2', 0, 2, '2026-03-25 14:57:13', '2026-03-25 14:57:13'),
(72, 1, '1', 0, 300, '2026-03-25 14:57:59', '2026-03-25 14:57:59'),
(73, 3, '1', 0, 10, '2026-03-25 14:58:20', '2026-03-25 14:58:20'),
(74, 4, '1', 0, 50, '2026-03-25 14:58:31', '2026-03-25 14:58:31'),
(75, 6, '1', 0, 10, '2026-03-25 14:58:43', '2026-03-25 14:58:43'),
(76, 6, '2', 0, 2, '2026-03-25 14:59:33', '2026-03-25 14:59:33'),
(77, 1, '2', 0, 4, '2026-03-25 15:00:27', '2026-03-25 15:00:27'),
(78, 4, '2', 0, 1, '2026-03-25 15:00:27', '2026-03-25 15:00:27'),
(79, 1, '2', 0, 4, '2026-03-25 15:01:17', '2026-03-25 15:01:17'),
(80, 4, '2', 0, 1, '2026-03-25 15:01:17', '2026-03-25 15:01:17'),
(81, 4, '2', 0, 1, '2026-03-25 15:02:01', '2026-03-25 15:02:01'),
(82, 1, '2', 0, 2, '2026-03-25 15:02:01', '2026-03-25 15:02:01'),
(83, 1, '2', 0, 4, '2026-03-25 15:02:52', '2026-03-25 15:02:52'),
(84, 4, '2', 0, 1, '2026-03-25 15:02:52', '2026-03-25 15:02:52'),
(85, 3, '2', 0, 1, '2026-03-25 15:03:33', '2026-03-25 15:03:33'),
(86, 1, '2', 0, 2, '2026-03-25 15:04:29', '2026-03-25 15:04:29'),
(87, 4, '2', 0, 1, '2026-03-25 15:04:29', '2026-03-25 15:04:29'),
(88, 1, '2', 0, 4, '2026-03-25 15:05:13', '2026-03-25 15:05:13'),
(89, 4, '2', 0, 1, '2026-03-25 15:05:13', '2026-03-25 15:05:13'),
(90, 1, '2', 0, 2, '2026-03-25 15:05:57', '2026-03-25 15:05:57'),
(91, 4, '2', 0, 1, '2026-03-25 15:05:57', '2026-03-25 15:05:57'),
(92, 1, '2', 0, 4, '2026-03-25 15:06:27', '2026-03-25 15:06:27'),
(93, 4, '2', 0, 1, '2026-03-25 15:06:27', '2026-03-25 15:06:27'),
(94, 1, '2', 0, 2, '2026-03-25 15:07:37', '2026-03-25 15:07:37'),
(95, 4, '2', 0, 1, '2026-03-25 15:07:37', '2026-03-25 15:07:37'),
(96, 3, '2', 0, 1, '2026-03-25 15:07:37', '2026-03-25 15:07:37'),
(97, 1, '2', 0, 3, '2026-03-25 15:08:20', '2026-03-25 15:08:20'),
(98, 1, '2', 0, 1, '2026-03-25 15:09:15', '2026-03-25 15:09:15'),
(99, 4, '2', 0, 1, '2026-03-25 15:09:15', '2026-03-25 15:09:15'),
(100, 2, '2', 0, 2, '2026-03-25 15:09:15', '2026-03-25 15:09:15'),
(101, 1, '2', 0, 4, '2026-03-25 15:10:16', '2026-03-25 15:10:16'),
(102, 4, '2', 0, 1, '2026-03-25 15:10:16', '2026-03-25 15:10:16'),
(103, 3, '2', 0, 1, '2026-03-25 15:11:03', '2026-03-25 15:11:03'),
(104, 3, '2', 0, 1, '2026-03-25 15:11:34', '2026-03-25 15:11:34'),
(105, 3, '2', 0, 1, '2026-03-25 15:12:05', '2026-03-25 15:12:05'),
(106, 1, '2', 0, 4, '2026-03-25 15:13:18', '2026-03-25 15:13:18'),
(107, 4, '2', 0, 1, '2026-03-25 15:13:18', '2026-03-25 15:13:18'),
(108, 1, '2', 0, 3, '2026-03-25 15:14:05', '2026-03-25 15:14:05'),
(109, 1, '2', 0, 2, '2026-03-25 15:14:58', '2026-03-25 15:14:58'),
(110, 2, '2', 0, 2, '2026-03-25 15:14:58', '2026-03-25 15:14:58'),
(111, 4, '2', 0, 1, '2026-03-25 15:14:58', '2026-03-25 15:14:58'),
(112, 3, '2', 0, 1, '2026-03-25 15:15:36', '2026-03-25 15:15:36'),
(113, 1, '2', 0, 4, '2026-03-25 15:16:31', '2026-03-25 15:16:31'),
(114, 4, '2', 0, 1, '2026-03-25 15:16:31', '2026-03-25 15:16:31'),
(115, 1, '2', 0, 4, '2026-03-25 15:17:30', '2026-03-25 15:17:30'),
(116, 4, '2', 0, 1, '2026-03-25 15:17:30', '2026-03-25 15:17:30'),
(117, 3, '2', 0, 1, '2026-03-25 15:17:59', '2026-03-25 15:17:59'),
(118, 4, '2', 0, 1, '2026-03-25 15:18:51', '2026-03-25 15:18:51'),
(119, 2, '2', 0, 4, '2026-03-25 15:18:51', '2026-03-25 15:18:51'),
(120, 1, '2', 0, 4, '2026-03-25 15:19:31', '2026-03-25 15:19:31'),
(121, 4, '2', 0, 1, '2026-03-25 15:19:31', '2026-03-25 15:19:31'),
(122, 2, '2', 0, 8, '2026-03-25 15:20:27', '2026-03-25 15:20:27'),
(123, 4, '2', 0, 3, '2026-03-25 15:20:27', '2026-03-25 15:20:27'),
(124, 1, '2', 0, 2, '2026-03-25 15:21:00', '2026-03-25 15:21:00'),
(125, 1, '2', 0, 2, '2026-03-26 11:00:10', '2026-03-26 11:00:10'),
(126, 4, '2', 0, 1, '2026-03-26 11:00:10', '2026-03-26 11:00:10'),
(127, 3, '2', 0, 1, '2026-03-26 11:00:10', '2026-03-26 11:00:10'),
(128, 4, '2', 0, 2, '2026-03-26 11:01:15', '2026-03-26 11:01:15'),
(129, 1, '2', 0, 2, '2026-03-26 11:01:15', '2026-03-26 11:01:15'),
(130, 2, '2', 0, 4, '2026-03-26 11:01:15', '2026-03-26 11:01:15'),
(131, 1, '2', 0, 2, '2026-03-26 11:01:59', '2026-03-26 11:01:59'),
(132, 1, '2', 0, 4, '2026-03-26 11:02:27', '2026-03-26 11:02:27'),
(133, 1, '0', 0, 3, '2026-03-26 11:05:35', '2026-03-26 11:05:35');

-- --------------------------------------------------------

--
-- Table structure for table `users`
--

CREATE TABLE `users` (
  `id` int(10) UNSIGNED NOT NULL,
  `name` varchar(255) NOT NULL,
  `email` varchar(255) NOT NULL,
  `role_id` int(10) UNSIGNED NOT NULL,
  `email_verified_at` timestamp NULL DEFAULT NULL,
  `password` varchar(255) NOT NULL,
  `remember_token` varchar(100) DEFAULT NULL,
  `created_at` timestamp NULL DEFAULT NULL,
  `updated_at` timestamp NULL DEFAULT NULL
) ENGINE=InnoDB DEFAULT CHARSET=utf8mb4 COLLATE=utf8mb4_unicode_ci;

--
-- Dumping data for table `users`
--

INSERT INTO `users` (`id`, `name`, `email`, `role_id`, `email_verified_at`, `password`, `remember_token`, `created_at`, `updated_at`) VALUES
(1, 'Admin', 'admin@test.com', 1, '2026-01-29 14:24:12', '$2y$12$ovKsijxnr4o2Q2juqtNAke6DjmQni2NwkrF8swCqzEtDv/FbSO/Da', 'yqgaBYh3cwcwNj6BxPesFoRXOWRTCNCWX765GyGZ0yAN2k64b9flnGVRvLav', '2026-01-29 14:24:12', '2026-01-29 14:24:12'),
(2, 'dario', 'asd@c.com', 2, NULL, '$2y$12$Gq5N6UpM.Y6xS/pwi/HoL.1D7sK9Q5lzvY6SMFk6QmasfiL.NJ1wC', NULL, '2026-02-02 18:04:22', '2026-02-02 18:04:22');

--
-- Indexes for dumped tables
--

--
-- Indexes for table `bills`
--
ALTER TABLE `bills`
  ADD PRIMARY KEY (`id`),
  ADD KEY `bills_client_id_foreign` (`client_id`);

--
-- Indexes for table `bill_items`
--
ALTER TABLE `bill_items`
  ADD PRIMARY KEY (`id`),
  ADD KEY `bill_items_bill_id_foreign` (`bill_id`),
  ADD KEY `bill_items_stock_movement_id_foreign` (`stock_movement_id`);

--
-- Indexes for table `cache`
--
ALTER TABLE `cache`
  ADD PRIMARY KEY (`key`);

--
-- Indexes for table `cache_locks`
--
ALTER TABLE `cache_locks`
  ADD PRIMARY KEY (`key`);

--
-- Indexes for table `clients`
--
ALTER TABLE `clients`
  ADD PRIMARY KEY (`id`);

--
-- Indexes for table `costs`
--
ALTER TABLE `costs`
  ADD PRIMARY KEY (`id`),
  ADD KEY `costs_product_id_foreign` (`product_id`);

--
-- Indexes for table `files`
--
ALTER TABLE `files`
  ADD PRIMARY KEY (`id`),
  ADD KEY `files_order_id_foreign` (`order_id`);

--
-- Indexes for table `item_orders`
--
ALTER TABLE `item_orders`
  ADD PRIMARY KEY (`id`),
  ADD KEY `item_orders_order_id_foreign` (`order_id`),
  ADD KEY `item_orders_stock_movement_id_foreign` (`stock_movement_id`),
  ADD KEY `item_orders_product_id_foreign` (`product_id`);

--
-- Indexes for table `migrations`
--
ALTER TABLE `migrations`
  ADD PRIMARY KEY (`id`);

--
-- Indexes for table `notes`
--
ALTER TABLE `notes`
  ADD PRIMARY KEY (`id`),
  ADD KEY `notes_user_id_foreign` (`user_id`),
  ADD KEY `notes_order_id_foreign` (`order_id`);

--
-- Indexes for table `orders`
--
ALTER TABLE `orders`
  ADD PRIMARY KEY (`id`),
  ADD KEY `orders_user_id_foreign` (`user_id`),
  ADD KEY `orders_client_id_foreign` (`client_id`),
  ADD KEY `orders_assigned_to_foreign` (`assigned_to`);

--
-- Indexes for table `order_states`
--
ALTER TABLE `order_states`
  ADD PRIMARY KEY (`id`),
  ADD KEY `order_states_order_id_foreign` (`order_id`);

--
-- Indexes for table `password_reset_tokens`
--
ALTER TABLE `password_reset_tokens`
  ADD PRIMARY KEY (`email`);

--
-- Indexes for table `products`
--
ALTER TABLE `products`
  ADD PRIMARY KEY (`id`);

--
-- Indexes for table `roles`
--
ALTER TABLE `roles`
  ADD PRIMARY KEY (`id`);

--
-- Indexes for table `sessions`
--
ALTER TABLE `sessions`
  ADD PRIMARY KEY (`id`),
  ADD KEY `sessions_user_id_index` (`user_id`),
  ADD KEY `sessions_last_activity_index` (`last_activity`);

--
-- Indexes for table `stock_movements`
--
ALTER TABLE `stock_movements`
  ADD PRIMARY KEY (`id`),
  ADD KEY `stock_movements_product_id_foreign` (`product_id`);

--
-- Indexes for table `users`
--
ALTER TABLE `users`
  ADD PRIMARY KEY (`id`),
  ADD UNIQUE KEY `users_email_unique` (`email`),
  ADD KEY `users_role_id_foreign` (`role_id`);

--
-- AUTO_INCREMENT for dumped tables
--

--
-- AUTO_INCREMENT for table `bills`
--
ALTER TABLE `bills`
  MODIFY `id` int(10) UNSIGNED NOT NULL AUTO_INCREMENT, AUTO_INCREMENT=3;

--
-- AUTO_INCREMENT for table `bill_items`
--
ALTER TABLE `bill_items`
  MODIFY `id` int(10) UNSIGNED NOT NULL AUTO_INCREMENT, AUTO_INCREMENT=2;

--
-- AUTO_INCREMENT for table `clients`
--
ALTER TABLE `clients`
  MODIFY `id` int(10) UNSIGNED NOT NULL AUTO_INCREMENT, AUTO_INCREMENT=5;

--
-- AUTO_INCREMENT for table `costs`
--
ALTER TABLE `costs`
  MODIFY `id` int(10) UNSIGNED NOT NULL AUTO_INCREMENT, AUTO_INCREMENT=15;

--
-- AUTO_INCREMENT for table `files`
--
ALTER TABLE `files`
  MODIFY `id` int(10) UNSIGNED NOT NULL AUTO_INCREMENT;

--
-- AUTO_INCREMENT for table `item_orders`
--
ALTER TABLE `item_orders`
  MODIFY `id` int(10) UNSIGNED NOT NULL AUTO_INCREMENT, AUTO_INCREMENT=125;

--
-- AUTO_INCREMENT for table `migrations`
--
ALTER TABLE `migrations`
  MODIFY `id` int(10) UNSIGNED NOT NULL AUTO_INCREMENT, AUTO_INCREMENT=17;

--
-- AUTO_INCREMENT for table `notes`
--
ALTER TABLE `notes`
  MODIFY `id` int(10) UNSIGNED NOT NULL AUTO_INCREMENT;

--
-- AUTO_INCREMENT for table `orders`
--
ALTER TABLE `orders`
  MODIFY `id` int(10) UNSIGNED NOT NULL AUTO_INCREMENT, AUTO_INCREMENT=73;

--
-- AUTO_INCREMENT for table `order_states`
--
ALTER TABLE `order_states`
  MODIFY `id` int(10) UNSIGNED NOT NULL AUTO_INCREMENT, AUTO_INCREMENT=161;

--
-- AUTO_INCREMENT for table `products`
--
ALTER TABLE `products`
  MODIFY `id` int(10) UNSIGNED NOT NULL AUTO_INCREMENT, AUTO_INCREMENT=7;

--
-- AUTO_INCREMENT for table `roles`
--
ALTER TABLE `roles`
  MODIFY `id` int(10) UNSIGNED NOT NULL AUTO_INCREMENT, AUTO_INCREMENT=3;

--
-- AUTO_INCREMENT for table `stock_movements`
--
ALTER TABLE `stock_movements`
  MODIFY `id` int(10) UNSIGNED NOT NULL AUTO_INCREMENT, AUTO_INCREMENT=134;

--
-- AUTO_INCREMENT for table `users`
--
ALTER TABLE `users`
  MODIFY `id` int(10) UNSIGNED NOT NULL AUTO_INCREMENT, AUTO_INCREMENT=3;

--
-- Constraints for dumped tables
--

--
-- Constraints for table `bills`
--
ALTER TABLE `bills`
  ADD CONSTRAINT `bills_client_id_foreign` FOREIGN KEY (`client_id`) REFERENCES `clients` (`id`) ON DELETE CASCADE;

--
-- Constraints for table `bill_items`
--
ALTER TABLE `bill_items`
  ADD CONSTRAINT `bill_items_bill_id_foreign` FOREIGN KEY (`bill_id`) REFERENCES `bills` (`id`) ON DELETE CASCADE,
  ADD CONSTRAINT `bill_items_stock_movement_id_foreign` FOREIGN KEY (`stock_movement_id`) REFERENCES `stock_movements` (`id`) ON DELETE CASCADE;

--
-- Constraints for table `costs`
--
ALTER TABLE `costs`
  ADD CONSTRAINT `costs_product_id_foreign` FOREIGN KEY (`product_id`) REFERENCES `products` (`id`) ON DELETE CASCADE;

--
-- Constraints for table `files`
--
ALTER TABLE `files`
  ADD CONSTRAINT `files_order_id_foreign` FOREIGN KEY (`order_id`) REFERENCES `orders` (`id`) ON DELETE CASCADE;

--
-- Constraints for table `item_orders`
--
ALTER TABLE `item_orders`
  ADD CONSTRAINT `item_orders_order_id_foreign` FOREIGN KEY (`order_id`) REFERENCES `orders` (`id`) ON DELETE CASCADE,
  ADD CONSTRAINT `item_orders_product_id_foreign` FOREIGN KEY (`product_id`) REFERENCES `products` (`id`) ON DELETE CASCADE,
  ADD CONSTRAINT `item_orders_stock_movement_id_foreign` FOREIGN KEY (`stock_movement_id`) REFERENCES `stock_movements` (`id`) ON DELETE CASCADE;

--
-- Constraints for table `notes`
--
ALTER TABLE `notes`
  ADD CONSTRAINT `notes_order_id_foreign` FOREIGN KEY (`order_id`) REFERENCES `orders` (`id`) ON DELETE CASCADE,
  ADD CONSTRAINT `notes_user_id_foreign` FOREIGN KEY (`user_id`) REFERENCES `users` (`id`) ON DELETE CASCADE;

--
-- Constraints for table `orders`
--
ALTER TABLE `orders`
  ADD CONSTRAINT `orders_assigned_to_foreign` FOREIGN KEY (`assigned_to`) REFERENCES `users` (`id`) ON DELETE CASCADE,
  ADD CONSTRAINT `orders_client_id_foreign` FOREIGN KEY (`client_id`) REFERENCES `clients` (`id`) ON DELETE CASCADE,
  ADD CONSTRAINT `orders_user_id_foreign` FOREIGN KEY (`user_id`) REFERENCES `users` (`id`) ON DELETE CASCADE;

--
-- Constraints for table `order_states`
--
ALTER TABLE `order_states`
  ADD CONSTRAINT `order_states_order_id_foreign` FOREIGN KEY (`order_id`) REFERENCES `orders` (`id`) ON DELETE CASCADE;

--
-- Constraints for table `stock_movements`
--
ALTER TABLE `stock_movements`
  ADD CONSTRAINT `stock_movements_product_id_foreign` FOREIGN KEY (`product_id`) REFERENCES `products` (`id`) ON DELETE CASCADE;

--
-- Constraints for table `users`
--
ALTER TABLE `users`
  ADD CONSTRAINT `users_role_id_foreign` FOREIGN KEY (`role_id`) REFERENCES `roles` (`id`) ON DELETE CASCADE;
COMMIT;

/*!40101 SET CHARACTER_SET_CLIENT=@OLD_CHARACTER_SET_CLIENT */;
/*!40101 SET CHARACTER_SET_RESULTS=@OLD_CHARACTER_SET_RESULTS */;
/*!40101 SET COLLATION_CONNECTION=@OLD_COLLATION_CONNECTION */;
